{"train/epoch":0.18421052631578946,"train/global_step":21,"_timestamp":1.736756574171038e+09,"train/grad_norm":0.5491994023323059,"eval/samples_per_second":89.101,"train/loss":1.2143,"_step":21,"train/learning_rate":0.00019995324108933212,"_wandb":{"runtime":6},"eval/loss":1.9777501821517944,"eval/runtime":0.7856,"eval/steps_per_second":11.456,"_runtime":5.795667019}