{"train_steps_per_second":0.71,"total_flos":4.161207049125888e+16,"train_loss":1.2533240545879711,"train/learning_rate":0,"train/global_step":55,"_step":56,"eval/runtime":1.3327,"eval/steps_per_second":6.753,"train/loss":1.1373,"train/grad_norm":0.19160917401313782,"_wandb":{"runtime":77},"eval/samples_per_second":104.299,"_timestamp":1.736515774602368e+09,"eval/loss":1.9754905700683594,"_runtime":76.701290956,"train_runtime":77.4631,"train/epoch":4.608695652173913,"train_samples_per_second":80.232}