{"_wandb":{"runtime":88},"_timestamp":1.7365158972137966e+09,"train/learning_rate":0,"eval/loss":1.0281566381454468,"train_steps_per_second":2.602,"train/loss":0.8451,"train/grad_norm":0.6376991868019104,"_step":232,"train_samples_per_second":70.319,"total_flos":4.451523819995136e+16,"train/epoch":4.934782608695652,"eval/steps_per_second":5.584,"train_loss":1.0218796748182049,"_runtime":87.632805869,"eval/runtime":1.6117,"eval/samples_per_second":86.244,"train_runtime":88.383,"train/global_step":230}