{"_wandb":{"runtime":19},"_timestamp":1.7365154922950482e+09,"_step":24,"train_loss":1.419544437657232,"eval/steps_per_second":15.011,"total_flos":8.903047639990272e+15,"train/loss":1.2674,"train/learning_rate":0,"train_samples_per_second":63.12,"eval/runtime":0.5996,"eval/loss":1.9565858840942383,"train_steps_per_second":1.168,"_runtime":18.961502135,"train/global_step":23,"train_runtime":19.6925,"train/grad_norm":0.2938016355037689,"eval/samples_per_second":231.829,"train/epoch":1}