{"train/learning_rate":0.00017485107481711012,"eval/runtime":0.4915,"eval/loss":1.3771512508392334,"eval/steps_per_second":18.311,"_wandb":{"runtime":15},"_runtime":14.951484154,"train/global_step":13,"train/loss":1.3123,"eval/samples_per_second":282.806,"_step":15,"train/grad_norm":0.4219941198825836,"_timestamp":1.7365150785785644e+09,"train/epoch":0.5652173913043478}