{"train/learning_rate":0,"train/grad_norm":1.0119322538375854,"train_samples_per_second":55.996,"train_steps_per_second":4.865,"train/global_step":1140,"train/loss":0.3267,"train/epoch":9.991228070175438,"eval/samples_per_second":81.177,"train_loss":0.6661010016082671,"eval/loss":1.013014793395996,"_runtime":233.575564835,"total_flos":1.1032037293031424e+17,"_step":1146,"eval/steps_per_second":10.437,"_timestamp":1.7367476807965786e+09,"eval/runtime":0.8623,"train_runtime":234.3042,"_wandb":{"runtime":234}}