{"eval/steps_per_second":18.412,"train/loss":1.6374,"train/global_step":1,"_step":1,"train/learning_rate":2e-05,"train/grad_norm":0.6796181797981262,"_timestamp":1.7365153480351481e+09,"eval/samples_per_second":284.36,"_wandb":{"runtime":3},"eval/loss":1.9565858840942383,"train/epoch":0.043478260869565216,"_runtime":2.559319736,"eval/runtime":0.4888}