{"_runtime":5.941750785,"eval/samples_per_second":85.695,"eval/runtime":0.8169,"train/loss":1.2132,"train/grad_norm":0.5489656925201416,"eval/steps_per_second":11.018,"_step":21,"_wandb":{"runtime":6},"train/learning_rate":0.00019995324108933212,"train/epoch":0.18421052631578946,"train/global_step":21,"_timestamp":1.7367574178270118e+09,"eval/loss":1.9777501821517944}